id,type,date,from,from_id,text,photo,has_photo,media_type,year,month,day,hour,day_of_week,day_name,hour_sin,hour_cos,day_sin,day_cos,period_of_day,is_weekend,events_in_window,time_since_last,time_to_next,events_per_hour,text_length,word_count,has_alarma,has_movimiento,has_puerta,has_sensor,has_alerta,events_same_day,avg_events_this_hour,photos_same_day
235,message,2024-08-05 09:41:17,Voluntarios de soporte,user450000,"üîπ La mayor parte de las preguntas ya han sido contestadas en  @TelegramTipsES  y en  telegram.org/faq/es . Aseg√∫rate de echar un vistazo antes.
üîπ Si no encontraste lo que buscabas, env√≠a tu pregunta directamente en el chat. Por favor, env√≠a una captura de pantalla si recibiste alg√∫n mensaje de error. 
üîπ Si tu cuenta ha sido restringida, s√≥lo  @SpamBot  puede ayudarte. Tambi√©n puedes contactar a los moderadores mediante el bot.
üîπ Si tienes sugerencias, puedes hacerlas directamente en  suggestions.telegram.org  (en ingl√©s).",,False,,2024,8,5,9,0,Monday,0.7071067811865476,-0.7071067811865475,0.0,1.0,Ma√±ana,0,1.0,,-0.0,2,527,81,0,0,0,0,0,2,2,0.0
234,message,2024-08-05 09:41:17,Salvador BG,user6214146540,/start,,False,,2024,8,5,9,0,Monday,0.7071067811865476,-0.7071067811865475,0.0,1.0,Ma√±ana,0,2.0,0.0,638406.9666666667,2,6,1,0,0,0,0,0,2,2,0.0
393,message,2025-10-22 17:48:15,BotFather,user93372553,"I can help you create and manage Telegram bots. If you're new to the Bot API, please  see the manual .

You can control me by sending these commands:

 /newbot  - create a new bot
 /mybots  - edit your bots

 Edit Bots 
 /setname  - change a bot's name
 /setdescription  - change bot description
 /setabouttext  - change bot about info
 /setuserpic  - change bot profile photo
 /setcommands  - change the list of commands
 /deletebot  - delete a bot

 Bot Settings 
 /token  - get authorization token
 /revoke  - revoke bot access token
 /setinline  - toggle  inline mode 
 /setinlinegeo  - toggle inline  location requests 
 /setinlinefeedback  - change  inline feedback  settings
 /setjoingroups  - can your bot be added to groups?
 /setprivacy  - toggle  privacy mode  in groups

 Web Apps 
 /myapps  - edit your  web apps 
 /newapp  - create a new  web app 
 /listapps  - get a list of your web apps
 /editapp  - edit a web app
 /deleteapp  - delete an existing web app

 Games 
 /mygames  - edit your  games 
 /newgame  - create a new  game 
 /listgames  - get a list of your games
 /editgame  - edit a game
 /deletegame  - delete an existing game",,False,,2025,10,22,17,2,Wednesday,-0.9659258262890683,-0.25881904510252063,0.9749279121818236,-0.22252093395631434,Tarde,0,1.0,638406.9666666667,-0.0,11,1152,191,0,0,0,0,0,37,11,26.0
392,message,2025-10-22 17:48:15,Salvador BG,user6214146540,/start,,False,,2025,10,22,17,2,Wednesday,-0.9659258262890683,-0.25881904510252063,0.9749279121818236,-0.22252093395631434,Tarde,0,2.0,0.0,0.4166666666666667,11,6,1,0,0,0,0,0,37,11,26.0
395,message,2025-10-22 17:48:40,BotFather,user93372553,"Alright, a new bot. How are we going to call it? Please choose a name for your bot.",,False,,2025,10,22,17,2,Wednesday,-0.9659258262890683,-0.25881904510252063,0.9749279121818236,-0.22252093395631434,Tarde,0,3.0,0.4166666666666667,-0.0,11,83,18,0,0,0,0,0,37,11,26.0
394,message,2025-10-22 17:48:40,Salvador BG,user6214146540,/newbot,,False,,2025,10,22,17,2,Wednesday,-0.9659258262890683,-0.25881904510252063,0.9749279121818236,-0.22252093395631434,Tarde,0,4.0,0.0,0.5666666666666667,11,7,1,0,0,0,0,0,37,11,26.0
397,message,2025-10-22 17:49:14,BotFather,user93372553,"Good. Now let's choose a username for your bot. It must end in `bot`. Like this, for example: TetrisBot or tetris_bot.",,False,,2025,10,22,17,2,Wednesday,-0.9659258262890683,-0.25881904510252063,0.9749279121818236,-0.22252093395631434,Tarde,0,5.0,0.5666666666666667,-0.0,11,118,21,0,0,0,0,0,37,11,26.0
396,message,2025-10-22 17:49:14,Salvador BG,user6214146540,Cam_Salvador,,False,,2025,10,22,17,2,Wednesday,-0.9659258262890683,-0.25881904510252063,0.9749279121818236,-0.22252093395631434,Tarde,0,6.0,0.0,0.5,11,12,1,0,0,0,0,0,37,11,26.0
398,message,2025-10-22 17:49:44,Salvador BG,user6214146540,Cam_Salvador_bot,,False,,2025,10,22,17,2,Wednesday,-0.9659258262890683,-0.25881904510252063,0.9749279121818236,-0.22252093395631434,Tarde,0,7.0,0.5,-0.0,11,16,1,0,0,0,0,0,37,11,26.0
399,message,2025-10-22 17:49:44,BotFather,user93372553,"Done! Congratulations on your new bot. You will find it at  t.me/Cam_Salvador_bot . You can now add a description, about section and profile picture for your bot, see  /help  for a list of commands. By the way, when you've finished creating your cool bot, ping our Bot Support if you want a better username for it. Just make sure the bot is fully operational before you do this.

Use this token to access the HTTP API:
 8053172513:AAGiNP47eG3w_siXe_5QnpN1ZZ-m9Dr7gQE 
Keep your token  secure  and  store it safely , it can be used by anyone to control your bot.

For a description of the Bot API, see this page:  https://core.telegram.org/bots/api",,False,,2025,10,22,17,2,Wednesday,-0.9659258262890683,-0.25881904510252063,0.9749279121818236,-0.22252093395631434,Tarde,0,8.0,0.0,2.75,11,647,107,0,0,0,0,0,37,11,26.0
400,message,2025-10-22 17:52:29,Salvador BG,user6214146540,/start,,False,,2025,10,22,17,2,Wednesday,-0.9659258262890683,-0.25881904510252063,0.9749279121818236,-0.22252093395631434,Tarde,0,9.0,2.75,0.016666666666666666,11,6,1,0,0,0,0,0,37,11,26.0
401,message,2025-10-22 17:52:30,Chat I'd Info Bot,user6285018176,"üë§ Name: Salvador BG
üî§ Username: @N/A
üó£ Language: es
üÜî Chat ID: 6214146540 
 In this bot, you can easily retrieve the ID of any user, bot, group, or channel‚Äî No matter their privacy settings.

Whether message forwarding is enabled or disabled, you can still get the Chat ID effortlessly! Simply use the buttons below according to your needs.

After choosing an option, share the chat you want to identify. The bot will then provide you with the Chat ID instantly. ",,False,,2025,10,22,17,2,Wednesday,-0.9659258262890683,-0.25881904510252063,0.9749279121818236,-0.22252093395631434,Tarde,0,10.0,0.016666666666666666,0.5333333333333333,11,463,81,0,0,0,0,0,37,11,26.0
402,message,2025-10-22 17:53:02,Salvador BG,user6214146540,/start,,False,,2025,10,22,17,2,Wednesday,-0.9659258262890683,-0.25881904510252063,0.9749279121818236,-0.22252093395631434,Tarde,0,11.0,0.5333333333333333,7.033333333333333,11,6,1,0,0,0,0,0,37,11,26.0
403,message,2025-10-22 18:00:04,Cam_Salvador,user8053172513,‚ö†Ô∏è Motion Detected!,chats/chat_1/photos/photo_1@22-10-2025_18-00-04.jpg,True,,2025,10,22,18,2,Wednesday,-1.0,-1.8369701987210297e-16,0.9749279121818236,-0.22252093395631434,Tarde,0,12.0,7.033333333333333,0.2,26,19,3,0,0,0,0,0,37,41,26.0
404,message,2025-10-22 18:00:16,Cam_Salvador,user8053172513,‚ö†Ô∏è Motion Detected!,chats/chat_1/photos/photo_2@22-10-2025_18-00-16.jpg,True,,2025,10,22,18,2,Wednesday,-1.0,-1.8369701987210297e-16,0.9749279121818236,-0.22252093395631434,Tarde,0,13.0,0.2,0.43333333333333335,26,19,3,0,0,0,0,0,37,41,26.0
405,message,2025-10-22 18:00:42,Cam_Salvador,user8053172513,‚ö†Ô∏è Motion Detected!,chats/chat_1/photos/photo_3@22-10-2025_18-00-42.jpg,True,,2025,10,22,18,2,Wednesday,-1.0,-1.8369701987210297e-16,0.9749279121818236,-0.22252093395631434,Tarde,0,14.0,0.43333333333333335,0.13333333333333333,26,19,3,0,0,0,0,0,37,41,26.0
406,message,2025-10-22 18:00:50,Cam_Salvador,user8053172513,‚ö†Ô∏è Motion Detected!,chats/chat_1/photos/photo_4@22-10-2025_18-00-50.jpg,True,,2025,10,22,18,2,Wednesday,-1.0,-1.8369701987210297e-16,0.9749279121818236,-0.22252093395631434,Tarde,0,15.0,0.13333333333333333,0.18333333333333332,26,19,3,0,0,0,0,0,37,41,26.0
407,message,2025-10-22 18:01:01,Cam_Salvador,user8053172513,‚ö†Ô∏è Motion Detected!,chats/chat_1/photos/photo_5@22-10-2025_18-01-01.jpg,True,,2025,10,22,18,2,Wednesday,-1.0,-1.8369701987210297e-16,0.9749279121818236,-0.22252093395631434,Tarde,0,16.0,0.18333333333333332,0.55,26,19,3,0,0,0,0,0,37,41,26.0
408,message,2025-10-22 18:01:34,Cam_Salvador,user8053172513,‚ö†Ô∏è Motion Detected!,chats/chat_1/photos/photo_6@22-10-2025_18-01-34.jpg,True,,2025,10,22,18,2,Wednesday,-1.0,-1.8369701987210297e-16,0.9749279121818236,-0.22252093395631434,Tarde,0,17.0,0.55,0.23333333333333334,26,19,3,0,0,0,0,0,37,41,26.0
409,message,2025-10-22 18:01:48,Cam_Salvador,user8053172513,‚ö†Ô∏è Motion Detected!,chats/chat_1/photos/photo_7@22-10-2025_18-01-48.jpg,True,,2025,10,22,18,2,Wednesday,-1.0,-1.8369701987210297e-16,0.9749279121818236,-0.22252093395631434,Tarde,0,18.0,0.23333333333333334,0.36666666666666664,26,19,3,0,0,0,0,0,37,41,26.0
410,message,2025-10-22 18:02:10,Cam_Salvador,user8053172513,‚ö†Ô∏è Motion Detected!,chats/chat_1/photos/photo_8@22-10-2025_18-02-10.jpg,True,,2025,10,22,18,2,Wednesday,-1.0,-1.8369701987210297e-16,0.9749279121818236,-0.22252093395631434,Tarde,0,19.0,0.36666666666666664,0.16666666666666666,26,19,3,0,0,0,0,0,37,41,26.0
411,message,2025-10-22 18:02:20,Cam_Salvador,user8053172513,‚ö†Ô∏è Motion Detected!,chats/chat_1/photos/photo_9@22-10-2025_18-02-20.jpg,True,,2025,10,22,18,2,Wednesday,-1.0,-1.8369701987210297e-16,0.9749279121818236,-0.22252093395631434,Tarde,0,20.0,0.16666666666666666,0.4166666666666667,26,19,3,0,0,0,0,0,37,41,26.0
412,message,2025-10-22 18:02:45,Cam_Salvador,user8053172513,‚ö†Ô∏è Motion Detected!,chats/chat_1/photos/photo_10@22-10-2025_18-02-45.jpg,True,,2025,10,22,18,2,Wednesday,-1.0,-1.8369701987210297e-16,0.9749279121818236,-0.22252093395631434,Tarde,0,21.0,0.4166666666666667,0.11666666666666667,26,19,3,0,0,0,0,0,37,41,26.0
413,message,2025-10-22 18:02:52,Cam_Salvador,user8053172513,‚ö†Ô∏è Motion Detected!,chats/chat_1/photos/photo_11@22-10-2025_18-02-52.jpg,True,,2025,10,22,18,2,Wednesday,-1.0,-1.8369701987210297e-16,0.9749279121818236,-0.22252093395631434,Tarde,0,22.0,0.11666666666666667,0.18333333333333332,26,19,3,0,0,0,0,0,37,41,26.0
414,message,2025-10-22 18:03:03,Cam_Salvador,user8053172513,‚ö†Ô∏è Motion Detected!,chats/chat_1/photos/photo_12@22-10-2025_18-03-03.jpg,True,,2025,10,22,18,2,Wednesday,-1.0,-1.8369701987210297e-16,0.9749279121818236,-0.22252093395631434,Tarde,0,23.0,0.18333333333333332,0.2833333333333333,26,19,3,0,0,0,0,0,37,41,26.0
415,message,2025-10-22 18:03:20,Cam_Salvador,user8053172513,‚ö†Ô∏è Motion Detected!,chats/chat_1/photos/photo_13@22-10-2025_18-03-20.jpg,True,,2025,10,22,18,2,Wednesday,-1.0,-1.8369701987210297e-16,0.9749279121818236,-0.22252093395631434,Tarde,0,24.0,0.2833333333333333,0.23333333333333334,26,19,3,0,0,0,0,0,37,41,26.0
416,message,2025-10-22 18:03:34,Cam_Salvador,user8053172513,‚ö†Ô∏è Motion Detected!,chats/chat_1/photos/photo_14@22-10-2025_18-03-34.jpg,True,,2025,10,22,18,2,Wednesday,-1.0,-1.8369701987210297e-16,0.9749279121818236,-0.22252093395631434,Tarde,0,25.0,0.23333333333333334,0.25,26,19,3,0,0,0,0,0,37,41,26.0
417,message,2025-10-22 18:03:49,Cam_Salvador,user8053172513,‚ö†Ô∏è Motion Detected!,chats/chat_1/photos/photo_15@22-10-2025_18-03-49.jpg,True,,2025,10,22,18,2,Wednesday,-1.0,-1.8369701987210297e-16,0.9749279121818236,-0.22252093395631434,Tarde,0,26.0,0.25,0.23333333333333334,26,19,3,0,0,0,0,0,37,41,26.0
418,message,2025-10-22 18:04:03,Cam_Salvador,user8053172513,‚ö†Ô∏è Motion Detected!,chats/chat_1/photos/photo_16@22-10-2025_18-04-03.jpg,True,,2025,10,22,18,2,Wednesday,-1.0,-1.8369701987210297e-16,0.9749279121818236,-0.22252093395631434,Tarde,0,27.0,0.23333333333333334,0.26666666666666666,26,19,3,0,0,0,0,0,37,41,26.0
419,message,2025-10-22 18:04:19,Cam_Salvador,user8053172513,‚ö†Ô∏è Motion Detected!,chats/chat_1/photos/photo_17@22-10-2025_18-04-19.jpg,True,,2025,10,22,18,2,Wednesday,-1.0,-1.8369701987210297e-16,0.9749279121818236,-0.22252093395631434,Tarde,0,28.0,0.26666666666666666,0.25,26,19,3,0,0,0,0,0,37,41,26.0
420,message,2025-10-22 18:04:34,Cam_Salvador,user8053172513,‚ö†Ô∏è Motion Detected!,chats/chat_1/photos/photo_18@22-10-2025_18-04-34.jpg,True,,2025,10,22,18,2,Wednesday,-1.0,-1.8369701987210297e-16,0.9749279121818236,-0.22252093395631434,Tarde,0,29.0,0.25,0.25,26,19,3,0,0,0,0,0,37,41,26.0
421,message,2025-10-22 18:04:49,Cam_Salvador,user8053172513,‚ö†Ô∏è Motion Detected!,chats/chat_1/photos/photo_19@22-10-2025_18-04-49.jpg,True,,2025,10,22,18,2,Wednesday,-1.0,-1.8369701987210297e-16,0.9749279121818236,-0.22252093395631434,Tarde,0,30.0,0.25,0.23333333333333334,26,19,3,0,0,0,0,0,37,41,26.0
422,message,2025-10-22 18:05:03,Cam_Salvador,user8053172513,‚ö†Ô∏è Motion Detected!,chats/chat_1/photos/photo_20@22-10-2025_18-05-03.jpg,True,,2025,10,22,18,2,Wednesday,-1.0,-1.8369701987210297e-16,0.9749279121818236,-0.22252093395631434,Tarde,0,31.0,0.23333333333333334,0.35,26,19,3,0,0,0,0,0,37,41,26.0
423,message,2025-10-22 18:05:24,Cam_Salvador,user8053172513,‚ö†Ô∏è Motion Detected!,chats/chat_1/photos/photo_21@22-10-2025_18-05-24.jpg,True,,2025,10,22,18,2,Wednesday,-1.0,-1.8369701987210297e-16,0.9749279121818236,-0.22252093395631434,Tarde,0,32.0,0.35,0.18333333333333332,26,19,3,0,0,0,0,0,37,41,26.0
424,message,2025-10-22 18:05:35,Cam_Salvador,user8053172513,‚ö†Ô∏è Motion Detected!,chats/chat_1/photos/photo_22@22-10-2025_18-05-35.jpg,True,,2025,10,22,18,2,Wednesday,-1.0,-1.8369701987210297e-16,0.9749279121818236,-0.22252093395631434,Tarde,0,33.0,0.18333333333333332,37.31666666666667,26,19,3,0,0,0,0,0,37,41,26.0
425,message,2025-10-22 18:42:54,Cam_Salvador,user8053172513,‚ö†Ô∏è Motion Detected!,chats/chat_1/photos/photo_23@22-10-2025_18-42-54.jpg,True,,2025,10,22,18,2,Wednesday,-1.0,-1.8369701987210297e-16,0.9749279121818236,-0.22252093395631434,Tarde,0,34.0,37.31666666666667,0.13333333333333333,26,19,3,0,0,0,0,0,37,41,26.0
426,message,2025-10-22 18:43:02,Cam_Salvador,user8053172513,‚ö†Ô∏è Motion Detected!,chats/chat_1/photos/photo_24@22-10-2025_18-43-02.jpg,True,,2025,10,22,18,2,Wednesday,-1.0,-1.8369701987210297e-16,0.9749279121818236,-0.22252093395631434,Tarde,0,35.0,0.13333333333333333,0.23333333333333334,26,19,3,0,0,0,0,0,37,41,26.0
427,message,2025-10-22 18:43:16,Cam_Salvador,user8053172513,‚ö†Ô∏è Motion Detected!,chats/chat_1/photos/photo_25@22-10-2025_18-43-16.jpg,True,,2025,10,22,18,2,Wednesday,-1.0,-1.8369701987210297e-16,0.9749279121818236,-0.22252093395631434,Tarde,0,36.0,0.23333333333333334,0.45,26,19,3,0,0,0,0,0,37,41,26.0
428,message,2025-10-22 18:43:43,Cam_Salvador,user8053172513,‚ö†Ô∏è Motion Detected!,chats/chat_1/photos/photo_26@22-10-2025_18-43-43.jpg,True,,2025,10,22,18,2,Wednesday,-1.0,-1.8369701987210297e-16,0.9749279121818236,-0.22252093395631434,Tarde,0,37.0,0.45,1442.9166666666667,26,19,3,0,0,0,0,0,37,41,26.0
429,message,2025-10-23 18:46:38,Cam_Salvador,user8053172513,‚ö†Ô∏è Motion Detected!,chats/chat_1/photos/photo_27@23-10-2025_18-46-38.jpg,True,,2025,10,23,18,3,Thursday,-1.0,-1.8369701987210297e-16,0.43388373911755823,-0.900968867902419,Tarde,0,1.0,1442.9166666666667,0.2833333333333333,15,19,3,0,0,0,0,0,92,41,92.0
430,message,2025-10-23 18:46:55,Cam_Salvador,user8053172513,‚ö†Ô∏è Motion Detected!,chats/chat_1/photos/photo_28@23-10-2025_18-46-55.jpg,True,,2025,10,23,18,3,Thursday,-1.0,-1.8369701987210297e-16,0.43388373911755823,-0.900968867902419,Tarde,0,2.0,0.2833333333333333,0.3,15,19,3,0,0,0,0,0,92,41,92.0
431,message,2025-10-23 18:47:13,Cam_Salvador,user8053172513,‚ö†Ô∏è Motion Detected!,chats/chat_1/photos/photo_29@23-10-2025_18-47-13.jpg,True,,2025,10,23,18,3,Thursday,-1.0,-1.8369701987210297e-16,0.43388373911755823,-0.900968867902419,Tarde,0,3.0,0.3,0.2833333333333333,15,19,3,0,0,0,0,0,92,41,92.0
432,message,2025-10-23 18:47:30,Cam_Salvador,user8053172513,‚ö†Ô∏è Motion Detected!,chats/chat_1/photos/photo_30@23-10-2025_18-47-30.jpg,True,,2025,10,23,18,3,Thursday,-1.0,-1.8369701987210297e-16,0.43388373911755823,-0.900968867902419,Tarde,0,4.0,0.2833333333333333,0.35,15,19,3,0,0,0,0,0,92,41,92.0
433,message,2025-10-23 18:47:51,Cam_Salvador,user8053172513,‚ö†Ô∏è Motion Detected!,chats/chat_1/photos/photo_31@23-10-2025_18-47-51.jpg,True,,2025,10,23,18,3,Thursday,-1.0,-1.8369701987210297e-16,0.43388373911755823,-0.900968867902419,Tarde,0,5.0,0.35,0.31666666666666665,15,19,3,0,0,0,0,0,92,41,92.0
434,message,2025-10-23 18:48:10,Cam_Salvador,user8053172513,‚ö†Ô∏è Motion Detected!,chats/chat_1/photos/photo_32@23-10-2025_18-48-10.jpg,True,,2025,10,23,18,3,Thursday,-1.0,-1.8369701987210297e-16,0.43388373911755823,-0.900968867902419,Tarde,0,6.0,0.31666666666666665,0.45,15,19,3,0,0,0,0,0,92,41,92.0
435,message,2025-10-23 18:48:37,Cam_Salvador,user8053172513,‚ö†Ô∏è Motion Detected!,chats/chat_1/photos/photo_33@23-10-2025_18-48-37.jpg,True,,2025,10,23,18,3,Thursday,-1.0,-1.8369701987210297e-16,0.43388373911755823,-0.900968867902419,Tarde,0,7.0,0.45,0.3,15,19,3,0,0,0,0,0,92,41,92.0
436,message,2025-10-23 18:48:55,Cam_Salvador,user8053172513,‚ö†Ô∏è Motion Detected!,chats/chat_1/photos/photo_34@23-10-2025_18-48-55.jpg,True,,2025,10,23,18,3,Thursday,-1.0,-1.8369701987210297e-16,0.43388373911755823,-0.900968867902419,Tarde,0,8.0,0.3,0.38333333333333336,15,19,3,0,0,0,0,0,92,41,92.0
437,message,2025-10-23 18:49:18,Cam_Salvador,user8053172513,‚ö†Ô∏è Motion Detected!,chats/chat_1/photos/photo_35@23-10-2025_18-49-18.jpg,True,,2025,10,23,18,3,Thursday,-1.0,-1.8369701987210297e-16,0.43388373911755823,-0.900968867902419,Tarde,0,9.0,0.38333333333333336,0.25,15,19,3,0,0,0,0,0,92,41,92.0
438,message,2025-10-23 18:49:33,Cam_Salvador,user8053172513,‚ö†Ô∏è Motion Detected!,chats/chat_1/photos/photo_36@23-10-2025_18-49-33.jpg,True,,2025,10,23,18,3,Thursday,-1.0,-1.8369701987210297e-16,0.43388373911755823,-0.900968867902419,Tarde,0,10.0,0.25,0.3,15,19,3,0,0,0,0,0,92,41,92.0
439,message,2025-10-23 18:49:51,Cam_Salvador,user8053172513,‚ö†Ô∏è Motion Detected!,chats/chat_1/photos/photo_37@23-10-2025_18-49-51.jpg,True,,2025,10,23,18,3,Thursday,-1.0,-1.8369701987210297e-16,0.43388373911755823,-0.900968867902419,Tarde,0,11.0,0.3,0.3333333333333333,15,19,3,0,0,0,0,0,92,41,92.0
440,message,2025-10-23 18:50:11,Cam_Salvador,user8053172513,‚ö†Ô∏è Motion Detected!,chats/chat_1/photos/photo_38@23-10-2025_18-50-11.jpg,True,,2025,10,23,18,3,Thursday,-1.0,-1.8369701987210297e-16,0.43388373911755823,-0.900968867902419,Tarde,0,12.0,0.3333333333333333,0.31666666666666665,15,19,3,0,0,0,0,0,92,41,92.0
441,message,2025-10-23 18:50:30,Cam_Salvador,user8053172513,‚ö†Ô∏è Motion Detected!,chats/chat_1/photos/photo_39@23-10-2025_18-50-30.jpg,True,,2025,10,23,18,3,Thursday,-1.0,-1.8369701987210297e-16,0.43388373911755823,-0.900968867902419,Tarde,0,13.0,0.31666666666666665,0.3333333333333333,15,19,3,0,0,0,0,0,92,41,92.0
442,message,2025-10-23 18:50:50,Cam_Salvador,user8053172513,‚ö†Ô∏è Motion Detected!,chats/chat_1/photos/photo_40@23-10-2025_18-50-50.jpg,True,,2025,10,23,18,3,Thursday,-1.0,-1.8369701987210297e-16,0.43388373911755823,-0.900968867902419,Tarde,0,14.0,0.3333333333333333,1.75,15,19,3,0,0,0,0,0,92,41,92.0
443,message,2025-10-23 18:52:35,Cam_Salvador,user8053172513,‚ö†Ô∏è Motion Detected!,chats/chat_1/photos/photo_41@23-10-2025_18-52-35.jpg,True,,2025,10,23,18,3,Thursday,-1.0,-1.8369701987210297e-16,0.43388373911755823,-0.900968867902419,Tarde,0,15.0,1.75,27.45,15,19,3,0,0,0,0,0,92,41,92.0
445,message,2025-10-23 19:20:02,Cam_Salvador,user8053172513,‚ö†Ô∏è Motion Detected!,chats/chat_1/photos/photo_42@23-10-2025_19-20-02.jpg,True,,2025,10,23,19,3,Thursday,-0.9659258262890684,0.2588190451025203,0.43388373911755823,-0.900968867902419,Noche,0,16.0,27.45,0.25,12,19,3,0,0,0,0,0,92,12,92.0
446,message,2025-10-23 19:20:17,Cam_Salvador,user8053172513,‚ö†Ô∏è Motion Detected!,chats/chat_1/photos/photo_43@23-10-2025_19-20-17.jpg,True,,2025,10,23,19,3,Thursday,-0.9659258262890684,0.2588190451025203,0.43388373911755823,-0.900968867902419,Noche,0,17.0,0.25,0.2,12,19,3,0,0,0,0,0,92,12,92.0
447,message,2025-10-23 19:20:29,Cam_Salvador,user8053172513,‚ö†Ô∏è Motion Detected!,chats/chat_1/photos/photo_44@23-10-2025_19-20-29.jpg,True,,2025,10,23,19,3,Thursday,-0.9659258262890684,0.2588190451025203,0.43388373911755823,-0.900968867902419,Noche,0,18.0,0.2,2.6666666666666665,12,19,3,0,0,0,0,0,92,12,92.0
448,message,2025-10-23 19:23:09,Cam_Salvador,user8053172513,‚ö†Ô∏è Motion Detected!,chats/chat_1/photos/photo_45@23-10-2025_19-23-09.jpg,True,,2025,10,23,19,3,Thursday,-0.9659258262890684,0.2588190451025203,0.43388373911755823,-0.900968867902419,Noche,0,19.0,2.6666666666666665,0.06666666666666667,12,19,3,0,0,0,0,0,92,12,92.0
449,message,2025-10-23 19:23:13,Cam_Salvador,user8053172513,‚ö†Ô∏è Motion Detected!,chats/chat_1/photos/photo_46@23-10-2025_19-23-13.jpg,True,,2025,10,23,19,3,Thursday,-0.9659258262890684,0.2588190451025203,0.43388373911755823,-0.900968867902419,Noche,0,20.0,0.06666666666666667,0.8166666666666667,12,19,3,0,0,0,0,0,92,12,92.0
450,message,2025-10-23 19:24:02,Cam_Salvador,user8053172513,‚ö†Ô∏è MOVIMIENTO DETECTADO (GRUPO 2 - ANALITICA DE DATOS)!,chats/chat_1/photos/photo_47@23-10-2025_19-24-02.jpg,True,,2025,10,23,19,3,Thursday,-0.9659258262890684,0.2588190451025203,0.43388373911755823,-0.900968867902419,Noche,0,21.0,0.8166666666666667,0.25,12,55,9,0,1,0,0,0,92,12,92.0
451,message,2025-10-23 19:24:17,Cam_Salvador,user8053172513,‚ö†Ô∏è MOVIMIENTO DETECTADO (GRUPO 2 - ANALITICA DE DATOS)!,chats/chat_1/photos/photo_48@23-10-2025_19-24-17.jpg,True,,2025,10,23,19,3,Thursday,-0.9659258262890684,0.2588190451025203,0.43388373911755823,-0.900968867902419,Noche,0,22.0,0.25,0.7666666666666667,12,55,9,0,1,0,0,0,92,12,92.0
452,message,2025-10-23 19:25:03,Cam_Salvador,user8053172513,‚ö†Ô∏è MOVIMIENTO DETECTADO (GRUPO 2 - ANALITICA DE DATOS)!,chats/chat_1/photos/photo_49@23-10-2025_19-25-03.jpg,True,,2025,10,23,19,3,Thursday,-0.9659258262890684,0.2588190451025203,0.43388373911755823,-0.900968867902419,Noche,0,23.0,0.7666666666666667,0.2833333333333333,12,55,9,0,1,0,0,0,92,12,92.0
453,message,2025-10-23 19:25:20,Cam_Salvador,user8053172513,‚ö†Ô∏è MOVIMIENTO DETECTADO (GRUPO 2 - ANALITICA DE DATOS)!,chats/chat_1/photos/photo_50@23-10-2025_19-25-20.jpg,True,,2025,10,23,19,3,Thursday,-0.9659258262890684,0.2588190451025203,0.43388373911755823,-0.900968867902419,Noche,0,24.0,0.2833333333333333,1.45,12,55,9,0,1,0,0,0,92,12,92.0
454,message,2025-10-23 19:26:47,Cam_Salvador,user8053172513,‚ö†Ô∏è MOVIMIENTO DETECTADO (GRUPO 2 - ANALITICA DE DATOS)!,chats/chat_1/photos/photo_51@23-10-2025_19-26-47.jpg,True,,2025,10,23,19,3,Thursday,-0.9659258262890684,0.2588190451025203,0.43388373911755823,-0.900968867902419,Noche,0,25.0,1.45,0.3,12,55,9,0,1,0,0,0,92,12,92.0
455,message,2025-10-23 19:27:05,Cam_Salvador,user8053172513,‚ö†Ô∏è MOVIMIENTO DETECTADO (GRUPO 2 - ANALITICA DE DATOS)!,chats/chat_1/photos/photo_52@23-10-2025_19-27-05.jpg,True,,2025,10,23,19,3,Thursday,-0.9659258262890684,0.2588190451025203,0.43388373911755823,-0.900968867902419,Noche,0,26.0,0.3,0.26666666666666666,12,55,9,0,1,0,0,0,92,12,92.0
456,message,2025-10-23 19:27:21,Cam_Salvador,user8053172513,‚ö†Ô∏è MOVIMIENTO DETECTADO (GRUPO 2 - ANALITICA DE DATOS)!,chats/chat_1/photos/photo_53@23-10-2025_19-27-21.jpg,True,,2025,10,23,19,3,Thursday,-0.9659258262890684,0.2588190451025203,0.43388373911755823,-0.900968867902419,Noche,0,27.0,0.26666666666666666,66.51666666666667,12,55,9,0,1,0,0,0,92,12,92.0
457,message,2025-10-23 20:33:52,Cam_Salvador,user8053172513,‚ö†Ô∏è MOVIMIENTO DETECTADO (GRUPO 2 - ANALITICA DE DATOS)!,chats/chat_1/photos/photo_54@23-10-2025_20-33-52.jpg,True,,2025,10,23,20,3,Thursday,-0.8660254037844386,0.5000000000000001,0.43388373911755823,-0.900968867902419,Noche,0,1.0,66.51666666666667,0.26666666666666666,22,55,9,0,1,0,0,0,92,22,92.0
458,message,2025-10-23 20:34:08,Cam_Salvador,user8053172513,‚ö†Ô∏è MOVIMIENTO DETECTADO (GRUPO 2 - ANALITICA DE DATOS)!,chats/chat_1/photos/photo_55@23-10-2025_20-34-08.jpg,True,,2025,10,23,20,3,Thursday,-0.8660254037844386,0.5000000000000001,0.43388373911755823,-0.900968867902419,Noche,0,2.0,0.26666666666666666,6.683333333333334,22,55,9,0,1,0,0,0,92,22,92.0
459,message,2025-10-23 20:40:49,Cam_Salvador,user8053172513,‚ö†Ô∏è MOVIMIENTO DETECTADO (GRUPO 2 - ANALITICA DE DATOS)!,chats/chat_1/photos/photo_56@23-10-2025_20-40-49.jpg,True,,2025,10,23,20,3,Thursday,-0.8660254037844386,0.5000000000000001,0.43388373911755823,-0.900968867902419,Noche,0,3.0,6.683333333333334,0.4166666666666667,22,55,9,0,1,0,0,0,92,22,92.0
460,message,2025-10-23 20:41:14,Cam_Salvador,user8053172513,‚ö†Ô∏è MOVIMIENTO DETECTADO (GRUPO 2 - ANALITICA DE DATOS)!,chats/chat_1/photos/photo_57@23-10-2025_20-41-14.jpg,True,,2025,10,23,20,3,Thursday,-0.8660254037844386,0.5000000000000001,0.43388373911755823,-0.900968867902419,Noche,0,4.0,0.4166666666666667,0.3333333333333333,22,55,9,0,1,0,0,0,92,22,92.0
461,message,2025-10-23 20:41:34,Cam_Salvador,user8053172513,‚ö†Ô∏è MOVIMIENTO DETECTADO (GRUPO 2 - ANALITICA DE DATOS)!,chats/chat_1/photos/photo_58@23-10-2025_20-41-34.jpg,True,,2025,10,23,20,3,Thursday,-0.8660254037844386,0.5000000000000001,0.43388373911755823,-0.900968867902419,Noche,0,5.0,0.3333333333333333,0.21666666666666667,22,55,9,0,1,0,0,0,92,22,92.0
462,message,2025-10-23 20:41:47,Cam_Salvador,user8053172513,‚ö†Ô∏è MOVIMIENTO DETECTADO (GRUPO 2 - ANALITICA DE DATOS)!,chats/chat_1/photos/photo_59@23-10-2025_20-41-47.jpg,True,,2025,10,23,20,3,Thursday,-0.8660254037844386,0.5000000000000001,0.43388373911755823,-0.900968867902419,Noche,0,6.0,0.21666666666666667,0.2833333333333333,22,55,9,0,1,0,0,0,92,22,92.0
463,message,2025-10-23 20:42:04,Cam_Salvador,user8053172513,‚ö†Ô∏è MOVIMIENTO DETECTADO (GRUPO 2 - ANALITICA DE DATOS)!,chats/chat_1/photos/photo_60@23-10-2025_20-42-04.jpg,True,,2025,10,23,20,3,Thursday,-0.8660254037844386,0.5000000000000001,0.43388373911755823,-0.900968867902419,Noche,0,7.0,0.2833333333333333,0.23333333333333334,22,55,9,0,1,0,0,0,92,22,92.0
464,message,2025-10-23 20:42:18,Cam_Salvador,user8053172513,‚ö†Ô∏è MOVIMIENTO DETECTADO (GRUPO 2 - ANALITICA DE DATOS)!,chats/chat_1/photos/photo_61@23-10-2025_20-42-18.jpg,True,,2025,10,23,20,3,Thursday,-0.8660254037844386,0.5000000000000001,0.43388373911755823,-0.900968867902419,Noche,0,8.0,0.23333333333333334,0.38333333333333336,22,55,9,0,1,0,0,0,92,22,92.0
465,message,2025-10-23 20:42:41,Cam_Salvador,user8053172513,‚ö†Ô∏è MOVIMIENTO DETECTADO (GRUPO 2 - ANALITICA DE DATOS)!,chats/chat_1/photos/photo_62@23-10-2025_20-42-41.jpg,True,,2025,10,23,20,3,Thursday,-0.8660254037844386,0.5000000000000001,0.43388373911755823,-0.900968867902419,Noche,0,9.0,0.38333333333333336,0.18333333333333332,22,55,9,0,1,0,0,0,92,22,92.0
466,message,2025-10-23 20:42:52,Cam_Salvador,user8053172513,‚ö†Ô∏è MOVIMIENTO DETECTADO (GRUPO 2 - ANALITICA DE DATOS)!,chats/chat_1/photos/photo_63@23-10-2025_20-42-52.jpg,True,,2025,10,23,20,3,Thursday,-0.8660254037844386,0.5000000000000001,0.43388373911755823,-0.900968867902419,Noche,0,10.0,0.18333333333333332,0.25,22,55,9,0,1,0,0,0,92,22,92.0
467,message,2025-10-23 20:43:07,Cam_Salvador,user8053172513,‚ö†Ô∏è MOVIMIENTO DETECTADO (GRUPO 2 - ANALITICA DE DATOS)!,chats/chat_1/photos/photo_64@23-10-2025_20-43-07.jpg,True,,2025,10,23,20,3,Thursday,-0.8660254037844386,0.5000000000000001,0.43388373911755823,-0.900968867902419,Noche,0,11.0,0.25,0.21666666666666667,22,55,9,0,1,0,0,0,92,22,92.0
468,message,2025-10-23 20:43:20,Cam_Salvador,user8053172513,‚ö†Ô∏è MOVIMIENTO DETECTADO (GRUPO 2 - ANALITICA DE DATOS)!,chats/chat_1/photos/photo_65@23-10-2025_20-43-20.jpg,True,,2025,10,23,20,3,Thursday,-0.8660254037844386,0.5000000000000001,0.43388373911755823,-0.900968867902419,Noche,0,12.0,0.21666666666666667,0.25,22,55,9,0,1,0,0,0,92,22,92.0
469,message,2025-10-23 20:43:35,Cam_Salvador,user8053172513,‚ö†Ô∏è MOVIMIENTO DETECTADO (GRUPO 2 - ANALITICA DE DATOS)!,chats/chat_1/photos/photo_66@23-10-2025_20-43-35.jpg,True,,2025,10,23,20,3,Thursday,-0.8660254037844386,0.5000000000000001,0.43388373911755823,-0.900968867902419,Noche,0,13.0,0.25,0.23333333333333334,22,55,9,0,1,0,0,0,92,22,92.0
470,message,2025-10-23 20:43:49,Cam_Salvador,user8053172513,‚ö†Ô∏è MOVIMIENTO DETECTADO (GRUPO 2 - ANALITICA DE DATOS)!,chats/chat_1/photos/photo_67@23-10-2025_20-43-49.jpg,True,,2025,10,23,20,3,Thursday,-0.8660254037844386,0.5000000000000001,0.43388373911755823,-0.900968867902419,Noche,0,14.0,0.23333333333333334,0.31666666666666665,22,55,9,0,1,0,0,0,92,22,92.0
471,message,2025-10-23 20:44:08,Cam_Salvador,user8053172513,‚ö†Ô∏è MOVIMIENTO DETECTADO (GRUPO 2 - ANALITICA DE DATOS)!,chats/chat_1/photos/photo_68@23-10-2025_20-44-08.jpg,True,,2025,10,23,20,3,Thursday,-0.8660254037844386,0.5000000000000001,0.43388373911755823,-0.900968867902419,Noche,0,15.0,0.31666666666666665,0.23333333333333334,22,55,9,0,1,0,0,0,92,22,92.0
472,message,2025-10-23 20:44:22,Cam_Salvador,user8053172513,‚ö†Ô∏è MOVIMIENTO DETECTADO (GRUPO 2 - ANALITICA DE DATOS)!,chats/chat_1/photos/photo_69@23-10-2025_20-44-22.jpg,True,,2025,10,23,20,3,Thursday,-0.8660254037844386,0.5000000000000001,0.43388373911755823,-0.900968867902419,Noche,0,16.0,0.23333333333333334,0.25,22,55,9,0,1,0,0,0,92,22,92.0
473,message,2025-10-23 20:44:37,Cam_Salvador,user8053172513,‚ö†Ô∏è MOVIMIENTO DETECTADO (GRUPO 2 - ANALITICA DE DATOS)!,chats/chat_1/photos/photo_70@23-10-2025_20-44-37.jpg,True,,2025,10,23,20,3,Thursday,-0.8660254037844386,0.5000000000000001,0.43388373911755823,-0.900968867902419,Noche,0,17.0,0.25,0.25,22,55,9,0,1,0,0,0,92,22,92.0
474,message,2025-10-23 20:44:52,Cam_Salvador,user8053172513,‚ö†Ô∏è MOVIMIENTO DETECTADO (GRUPO 2 - ANALITICA DE DATOS)!,chats/chat_1/photos/photo_71@23-10-2025_20-44-52.jpg,True,,2025,10,23,20,3,Thursday,-0.8660254037844386,0.5000000000000001,0.43388373911755823,-0.900968867902419,Noche,0,18.0,0.25,0.25,22,55,9,0,1,0,0,0,92,22,92.0
475,message,2025-10-23 20:45:07,Cam_Salvador,user8053172513,‚ö†Ô∏è MOVIMIENTO DETECTADO (GRUPO 2 - ANALITICA DE DATOS)!,chats/chat_1/photos/photo_72@23-10-2025_20-45-07.jpg,True,,2025,10,23,20,3,Thursday,-0.8660254037844386,0.5000000000000001,0.43388373911755823,-0.900968867902419,Noche,0,19.0,0.25,0.26666666666666666,22,55,9,0,1,0,0,0,92,22,92.0
476,message,2025-10-23 20:45:23,Cam_Salvador,user8053172513,‚ö†Ô∏è MOVIMIENTO DETECTADO (GRUPO 2 - ANALITICA DE DATOS)!,chats/chat_1/photos/photo_73@23-10-2025_20-45-23.jpg,True,,2025,10,23,20,3,Thursday,-0.8660254037844386,0.5000000000000001,0.43388373911755823,-0.900968867902419,Noche,0,20.0,0.26666666666666666,0.3,22,55,9,0,1,0,0,0,92,22,92.0
477,message,2025-10-23 20:45:41,Cam_Salvador,user8053172513,‚ö†Ô∏è MOVIMIENTO DETECTADO (GRUPO 2 - ANALITICA DE DATOS)!,chats/chat_1/photos/photo_74@23-10-2025_20-45-41.jpg,True,,2025,10,23,20,3,Thursday,-0.8660254037844386,0.5000000000000001,0.43388373911755823,-0.900968867902419,Noche,0,21.0,0.3,0.55,22,55,9,0,1,0,0,0,92,22,92.0
478,message,2025-10-23 20:46:14,Cam_Salvador,user8053172513,‚ö†Ô∏è MOVIMIENTO DETECTADO (GRUPO 2 - ANALITICA DE DATOS)!,chats/chat_1/photos/photo_75@23-10-2025_20-46-14.jpg,True,,2025,10,23,20,3,Thursday,-0.8660254037844386,0.5000000000000001,0.43388373911755823,-0.900968867902419,Noche,0,22.0,0.55,55.666666666666664,22,55,9,0,1,0,0,0,92,22,92.0
479,message,2025-10-23 21:41:54,Cam_Salvador,user8053172513,‚ö†Ô∏è MOVIMIENTO DETECTADO (GRUPO 2 - ANALITICA DE DATOS)!,chats/chat_1/photos/photo_76@23-10-2025_21-41-54.jpg,True,,2025,10,23,21,3,Thursday,-0.7071067811865477,0.7071067811865474,0.43388373911755823,-0.900968867902419,Noche,0,17.0,55.666666666666664,0.25,26,55,9,0,1,0,0,0,92,26,92.0
480,message,2025-10-23 21:42:09,Cam_Salvador,user8053172513,‚ö†Ô∏è MOVIMIENTO DETECTADO (GRUPO 2 - ANALITICA DE DATOS)!,chats/chat_1/photos/photo_77@23-10-2025_21-42-09.jpg,True,,2025,10,23,21,3,Thursday,-0.7071067811865477,0.7071067811865474,0.43388373911755823,-0.900968867902419,Noche,0,17.0,0.25,0.25,26,55,9,0,1,0,0,0,92,26,92.0
481,message,2025-10-23 21:42:24,Cam_Salvador,user8053172513,‚ö†Ô∏è MOVIMIENTO DETECTADO (GRUPO 2 - ANALITICA DE DATOS)!,chats/chat_1/photos/photo_78@23-10-2025_21-42-24.jpg,True,,2025,10,23,21,3,Thursday,-0.7071067811865477,0.7071067811865474,0.43388373911755823,-0.900968867902419,Noche,0,17.0,0.25,0.26666666666666666,26,55,9,0,1,0,0,0,92,26,92.0
482,message,2025-10-23 21:42:40,Cam_Salvador,user8053172513,‚ö†Ô∏è MOVIMIENTO DETECTADO (GRUPO 2 - ANALITICA DE DATOS)!,chats/chat_1/photos/photo_79@23-10-2025_21-42-40.jpg,True,,2025,10,23,21,3,Thursday,-0.7071067811865477,0.7071067811865474,0.43388373911755823,-0.900968867902419,Noche,0,18.0,0.26666666666666666,0.3333333333333333,26,55,9,0,1,0,0,0,92,26,92.0
483,message,2025-10-23 21:43:00,Cam_Salvador,user8053172513,‚ö†Ô∏è MOVIMIENTO DETECTADO (GRUPO 2 - ANALITICA DE DATOS)!,chats/chat_1/photos/photo_80@23-10-2025_21-43-00.jpg,True,,2025,10,23,21,3,Thursday,-0.7071067811865477,0.7071067811865474,0.43388373911755823,-0.900968867902419,Noche,0,17.0,0.3333333333333333,0.3333333333333333,26,55,9,0,1,0,0,0,92,26,92.0
484,message,2025-10-23 21:43:20,Cam_Salvador,user8053172513,‚ö†Ô∏è MOVIMIENTO DETECTADO (GRUPO 2 - ANALITICA DE DATOS)!,chats/chat_1/photos/photo_81@23-10-2025_21-43-20.jpg,True,,2025,10,23,21,3,Thursday,-0.7071067811865477,0.7071067811865474,0.43388373911755823,-0.900968867902419,Noche,0,16.0,0.3333333333333333,0.16666666666666666,26,55,9,0,1,0,0,0,92,26,92.0
485,message,2025-10-23 21:43:30,Cam_Salvador,user8053172513,‚ö†Ô∏è MOVIMIENTO DETECTADO (GRUPO 2 - ANALITICA DE DATOS)!,chats/chat_1/photos/photo_82@23-10-2025_21-43-30.jpg,True,,2025,10,23,21,3,Thursday,-0.7071067811865477,0.7071067811865474,0.43388373911755823,-0.900968867902419,Noche,0,17.0,0.16666666666666666,0.3,26,55,9,0,1,0,0,0,92,26,92.0
486,message,2025-10-23 21:43:48,Cam_Salvador,user8053172513,‚ö†Ô∏è MOVIMIENTO DETECTADO (GRUPO 2 - ANALITICA DE DATOS)!,chats/chat_1/photos/photo_83@23-10-2025_21-43-48.jpg,True,,2025,10,23,21,3,Thursday,-0.7071067811865477,0.7071067811865474,0.43388373911755823,-0.900968867902419,Noche,0,17.0,0.3,0.23333333333333334,26,55,9,0,1,0,0,0,92,26,92.0
487,message,2025-10-23 21:44:02,Cam_Salvador,user8053172513,‚ö†Ô∏è MOVIMIENTO DETECTADO (GRUPO 2 - ANALITICA DE DATOS)!,chats/chat_1/photos/photo_84@23-10-2025_21-44-02.jpg,True,,2025,10,23,21,3,Thursday,-0.7071067811865477,0.7071067811865474,0.43388373911755823,-0.900968867902419,Noche,0,17.0,0.23333333333333334,0.25,26,55,9,0,1,0,0,0,92,26,92.0
488,message,2025-10-23 21:44:17,Cam_Salvador,user8053172513,‚ö†Ô∏è MOVIMIENTO DETECTADO (GRUPO 2 - ANALITICA DE DATOS)!,chats/chat_1/photos/photo_85@23-10-2025_21-44-17.jpg,True,,2025,10,23,21,3,Thursday,-0.7071067811865477,0.7071067811865474,0.43388373911755823,-0.900968867902419,Noche,0,17.0,0.25,0.31666666666666665,26,55,9,0,1,0,0,0,92,26,92.0
489,message,2025-10-23 21:44:36,Cam_Salvador,user8053172513,‚ö†Ô∏è MOVIMIENTO DETECTADO (GRUPO 2 - ANALITICA DE DATOS)!,chats/chat_1/photos/photo_86@23-10-2025_21-44-36.jpg,True,,2025,10,23,21,3,Thursday,-0.7071067811865477,0.7071067811865474,0.43388373911755823,-0.900968867902419,Noche,0,17.0,0.31666666666666665,0.25,26,55,9,0,1,0,0,0,92,26,92.0
490,message,2025-10-23 21:44:51,Cam_Salvador,user8053172513,‚ö†Ô∏è MOVIMIENTO DETECTADO (GRUPO 2 - ANALITICA DE DATOS)!,chats/chat_1/photos/photo_87@23-10-2025_21-44-51.jpg,True,,2025,10,23,21,3,Thursday,-0.7071067811865477,0.7071067811865474,0.43388373911755823,-0.900968867902419,Noche,0,17.0,0.25,0.25,26,55,9,0,1,0,0,0,92,26,92.0
491,message,2025-10-23 21:45:06,Cam_Salvador,user8053172513,‚ö†Ô∏è MOVIMIENTO DETECTADO (GRUPO 2 - ANALITICA DE DATOS)!,chats/chat_1/photos/photo_88@23-10-2025_21-45-06.jpg,True,,2025,10,23,21,3,Thursday,-0.7071067811865477,0.7071067811865474,0.43388373911755823,-0.900968867902419,Noche,0,17.0,0.25,0.26666666666666666,26,55,9,0,1,0,0,0,92,26,92.0
492,message,2025-10-23 21:45:22,Cam_Salvador,user8053172513,‚ö†Ô∏è MOVIMIENTO DETECTADO (GRUPO 2 - ANALITICA DE DATOS)!,chats/chat_1/photos/photo_89@23-10-2025_21-45-22.jpg,True,,2025,10,23,21,3,Thursday,-0.7071067811865477,0.7071067811865474,0.43388373911755823,-0.900968867902419,Noche,0,17.0,0.26666666666666666,0.23333333333333334,26,55,9,0,1,0,0,0,92,26,92.0
493,message,2025-10-23 21:45:36,Cam_Salvador,user8053172513,‚ö†Ô∏è MOVIMIENTO DETECTADO (GRUPO 2 - ANALITICA DE DATOS)!,chats/chat_1/photos/photo_90@23-10-2025_21-45-36.jpg,True,,2025,10,23,21,3,Thursday,-0.7071067811865477,0.7071067811865474,0.43388373911755823,-0.900968867902419,Noche,0,17.0,0.23333333333333334,0.25,26,55,9,0,1,0,0,0,92,26,92.0
494,message,2025-10-23 21:45:51,Cam_Salvador,user8053172513,‚ö†Ô∏è MOVIMIENTO DETECTADO (GRUPO 2 - ANALITICA DE DATOS)!,chats/chat_1/photos/photo_91@23-10-2025_21-45-51.jpg,True,,2025,10,23,21,3,Thursday,-0.7071067811865477,0.7071067811865474,0.43388373911755823,-0.900968867902419,Noche,0,17.0,0.25,0.25,26,55,9,0,1,0,0,0,92,26,92.0
495,message,2025-10-23 21:46:06,Cam_Salvador,user8053172513,‚ö†Ô∏è MOVIMIENTO DETECTADO (GRUPO 2 - ANALITICA DE DATOS)!,chats/chat_1/photos/photo_92@23-10-2025_21-46-06.jpg,True,,2025,10,23,21,3,Thursday,-0.7071067811865477,0.7071067811865474,0.43388373911755823,-0.900968867902419,Noche,0,18.0,0.25,0.31666666666666665,26,55,9,0,1,0,0,0,92,26,92.0
496,message,2025-10-23 21:46:25,Cam_Salvador,user8053172513,‚ö†Ô∏è MOVIMIENTO DETECTADO (GRUPO 2 - ANALITICA DE DATOS)!,chats/chat_1/photos/photo_93@23-10-2025_21-46-25.jpg,True,,2025,10,23,21,3,Thursday,-0.7071067811865477,0.7071067811865474,0.43388373911755823,-0.900968867902419,Noche,0,18.0,0.31666666666666665,0.26666666666666666,26,55,9,0,1,0,0,0,92,26,92.0
497,message,2025-10-23 21:46:41,Cam_Salvador,user8053172513,‚ö†Ô∏è MOVIMIENTO DETECTADO (GRUPO 2 - ANALITICA DE DATOS)!,chats/chat_1/photos/photo_94@23-10-2025_21-46-41.jpg,True,,2025,10,23,21,3,Thursday,-0.7071067811865477,0.7071067811865474,0.43388373911755823,-0.900968867902419,Noche,0,19.0,0.26666666666666666,0.26666666666666666,26,55,9,0,1,0,0,0,92,26,92.0
498,message,2025-10-23 21:46:57,Cam_Salvador,user8053172513,‚ö†Ô∏è MOVIMIENTO DETECTADO (GRUPO 2 - ANALITICA DE DATOS)!,chats/chat_1/photos/photo_95@23-10-2025_21-46-57.jpg,True,,2025,10,23,21,3,Thursday,-0.7071067811865477,0.7071067811865474,0.43388373911755823,-0.900968867902419,Noche,0,20.0,0.26666666666666666,0.21666666666666667,26,55,9,0,1,0,0,0,92,26,92.0
499,message,2025-10-23 21:47:10,Cam_Salvador,user8053172513,‚ö†Ô∏è MOVIMIENTO DETECTADO (GRUPO 2 - ANALITICA DE DATOS)!,chats/chat_1/photos/photo_96@23-10-2025_21-47-10.jpg,True,,2025,10,23,21,3,Thursday,-0.7071067811865477,0.7071067811865474,0.43388373911755823,-0.900968867902419,Noche,0,21.0,0.21666666666666667,0.31666666666666665,26,55,9,0,1,0,0,0,92,26,92.0
500,message,2025-10-23 21:47:29,Cam_Salvador,user8053172513,‚ö†Ô∏è MOVIMIENTO DETECTADO (GRUPO 2 - ANALITICA DE DATOS)!,chats/chat_1/photos/photo_97@23-10-2025_21-47-29.jpg,True,,2025,10,23,21,3,Thursday,-0.7071067811865477,0.7071067811865474,0.43388373911755823,-0.900968867902419,Noche,0,22.0,0.31666666666666665,0.25,26,55,9,0,1,0,0,0,92,26,92.0
501,message,2025-10-23 21:47:44,Cam_Salvador,user8053172513,‚ö†Ô∏è MOVIMIENTO DETECTADO (GRUPO 2 - ANALITICA DE DATOS)!,chats/chat_1/photos/photo_98@23-10-2025_21-47-44.jpg,True,,2025,10,23,21,3,Thursday,-0.7071067811865477,0.7071067811865474,0.43388373911755823,-0.900968867902419,Noche,0,23.0,0.25,0.23333333333333334,26,55,9,0,1,0,0,0,92,26,92.0
502,message,2025-10-23 21:47:58,Cam_Salvador,user8053172513,‚ö†Ô∏è MOVIMIENTO DETECTADO (GRUPO 2 - ANALITICA DE DATOS)!,chats/chat_1/photos/photo_99@23-10-2025_21-47-58.jpg,True,,2025,10,23,21,3,Thursday,-0.7071067811865477,0.7071067811865474,0.43388373911755823,-0.900968867902419,Noche,0,24.0,0.23333333333333334,0.25,26,55,9,0,1,0,0,0,92,26,92.0
503,message,2025-10-23 21:48:13,Cam_Salvador,user8053172513,‚ö†Ô∏è MOVIMIENTO DETECTADO (GRUPO 2 - ANALITICA DE DATOS)!,chats/chat_1/photos/photo_100@23-10-2025_21-48-13.jpg,True,,2025,10,23,21,3,Thursday,-0.7071067811865477,0.7071067811865474,0.43388373911755823,-0.900968867902419,Noche,0,25.0,0.25,0.3,26,55,9,0,1,0,0,0,92,26,92.0
504,message,2025-10-23 21:48:31,Cam_Salvador,user8053172513,‚ö†Ô∏è MOVIMIENTO DETECTADO (GRUPO 2 - ANALITICA DE DATOS)!,chats/chat_1/photos/photo_101@23-10-2025_21-48-31.jpg,True,,2025,10,23,21,3,Thursday,-0.7071067811865477,0.7071067811865474,0.43388373911755823,-0.900968867902419,Noche,0,26.0,0.3,21.383333333333333,26,55,9,0,1,0,0,0,92,26,92.0
505,message,2025-10-23 22:09:54,Cam_Salvador,user8053172513,‚ö†Ô∏è MOVIMIENTO DETECTADO (GRUPO 2 - ANALITICA DE DATOS)!,chats/chat_1/photos/photo_102@23-10-2025_22-09-54.jpg,True,,2025,10,23,22,3,Thursday,-0.5000000000000004,0.8660254037844384,0.43388373911755823,-0.900968867902419,Noche,0,27.0,21.383333333333333,0.23333333333333334,17,55,9,0,1,0,0,0,92,17,92.0
506,message,2025-10-23 22:10:08,Cam_Salvador,user8053172513,‚ö†Ô∏è MOVIMIENTO DETECTADO (GRUPO 2 - ANALITICA DE DATOS)!,chats/chat_1/photos/photo_103@23-10-2025_22-10-08.jpg,True,,2025,10,23,22,3,Thursday,-0.5000000000000004,0.8660254037844384,0.43388373911755823,-0.900968867902419,Noche,0,28.0,0.23333333333333334,0.26666666666666666,17,55,9,0,1,0,0,0,92,17,92.0
507,message,2025-10-23 22:10:24,Cam_Salvador,user8053172513,‚ö†Ô∏è MOVIMIENTO DETECTADO (GRUPO 2 - ANALITICA DE DATOS)!,chats/chat_1/photos/photo_104@23-10-2025_22-10-24.jpg,True,,2025,10,23,22,3,Thursday,-0.5000000000000004,0.8660254037844384,0.43388373911755823,-0.900968867902419,Noche,0,29.0,0.26666666666666666,0.26666666666666666,17,55,9,0,1,0,0,0,92,17,92.0
508,message,2025-10-23 22:10:40,Cam_Salvador,user8053172513,‚ö†Ô∏è MOVIMIENTO DETECTADO (GRUPO 2 - ANALITICA DE DATOS)!,chats/chat_1/photos/photo_105@23-10-2025_22-10-40.jpg,True,,2025,10,23,22,3,Thursday,-0.5000000000000004,0.8660254037844384,0.43388373911755823,-0.900968867902419,Noche,0,30.0,0.26666666666666666,0.5333333333333333,17,55,9,0,1,0,0,0,92,17,92.0
509,message,2025-10-23 22:11:12,Cam_Salvador,user8053172513,‚ö†Ô∏è MOVIMIENTO DETECTADO (GRUPO 2 - ANALITICA DE DATOS)!,chats/chat_1/photos/photo_106@23-10-2025_22-11-12.jpg,True,,2025,10,23,22,3,Thursday,-0.5000000000000004,0.8660254037844384,0.43388373911755823,-0.900968867902419,Noche,0,31.0,0.5333333333333333,0.2833333333333333,17,55,9,0,1,0,0,0,92,17,92.0
510,message,2025-10-23 22:11:29,Cam_Salvador,user8053172513,‚ö†Ô∏è MOVIMIENTO DETECTADO (GRUPO 2 - ANALITICA DE DATOS)!,chats/chat_1/photos/photo_107@23-10-2025_22-11-29.jpg,True,,2025,10,23,22,3,Thursday,-0.5000000000000004,0.8660254037844384,0.43388373911755823,-0.900968867902419,Noche,0,32.0,0.2833333333333333,0.2,17,55,9,0,1,0,0,0,92,17,92.0
511,message,2025-10-23 22:11:41,Cam_Salvador,user8053172513,‚ö†Ô∏è MOVIMIENTO DETECTADO (GRUPO 2 - ANALITICA DE DATOS)!,chats/chat_1/photos/photo_108@23-10-2025_22-11-41.jpg,True,,2025,10,23,22,3,Thursday,-0.5000000000000004,0.8660254037844384,0.43388373911755823,-0.900968867902419,Noche,0,33.0,0.2,0.26666666666666666,17,55,9,0,1,0,0,0,92,17,92.0
512,message,2025-10-23 22:11:57,Cam_Salvador,user8053172513,‚ö†Ô∏è MOVIMIENTO DETECTADO (GRUPO 2 - ANALITICA DE DATOS)!,chats/chat_1/photos/photo_109@23-10-2025_22-11-57.jpg,True,,2025,10,23,22,3,Thursday,-0.5000000000000004,0.8660254037844384,0.43388373911755823,-0.900968867902419,Noche,0,34.0,0.26666666666666666,0.25,17,55,9,0,1,0,0,0,92,17,92.0
513,message,2025-10-23 22:12:12,Cam_Salvador,user8053172513,‚ö†Ô∏è MOVIMIENTO DETECTADO (GRUPO 2 - ANALITICA DE DATOS)!,chats/chat_1/photos/photo_110@23-10-2025_22-12-12.jpg,True,,2025,10,23,22,3,Thursday,-0.5000000000000004,0.8660254037844384,0.43388373911755823,-0.900968867902419,Noche,0,35.0,0.25,0.26666666666666666,17,55,9,0,1,0,0,0,92,17,92.0
514,message,2025-10-23 22:12:28,Cam_Salvador,user8053172513,‚ö†Ô∏è MOVIMIENTO DETECTADO (GRUPO 2 - ANALITICA DE DATOS)!,chats/chat_1/photos/photo_111@23-10-2025_22-12-28.jpg,True,,2025,10,23,22,3,Thursday,-0.5000000000000004,0.8660254037844384,0.43388373911755823,-0.900968867902419,Noche,0,36.0,0.26666666666666666,0.21666666666666667,17,55,9,0,1,0,0,0,92,17,92.0
515,message,2025-10-23 22:12:41,Cam_Salvador,user8053172513,‚ö†Ô∏è MOVIMIENTO DETECTADO (GRUPO 2 - ANALITICA DE DATOS)!,chats/chat_1/photos/photo_112@23-10-2025_22-12-41.jpg,True,,2025,10,23,22,3,Thursday,-0.5000000000000004,0.8660254037844384,0.43388373911755823,-0.900968867902419,Noche,0,37.0,0.21666666666666667,0.5666666666666667,17,55,9,0,1,0,0,0,92,17,92.0
516,message,2025-10-23 22:13:15,Cam_Salvador,user8053172513,‚ö†Ô∏è MOVIMIENTO DETECTADO (GRUPO 2 - ANALITICA DE DATOS)!,chats/chat_1/photos/photo_113@23-10-2025_22-13-15.jpg,True,,2025,10,23,22,3,Thursday,-0.5000000000000004,0.8660254037844384,0.43388373911755823,-0.900968867902419,Noche,0,38.0,0.5666666666666667,0.25,17,55,9,0,1,0,0,0,92,17,92.0
517,message,2025-10-23 22:13:30,Cam_Salvador,user8053172513,‚ö†Ô∏è MOVIMIENTO DETECTADO (GRUPO 2 - ANALITICA DE DATOS)!,chats/chat_1/photos/photo_114@23-10-2025_22-13-30.jpg,True,,2025,10,23,22,3,Thursday,-0.5000000000000004,0.8660254037844384,0.43388373911755823,-0.900968867902419,Noche,0,39.0,0.25,0.2833333333333333,17,55,9,0,1,0,0,0,92,17,92.0
518,message,2025-10-23 22:13:47,Cam_Salvador,user8053172513,‚ö†Ô∏è MOVIMIENTO DETECTADO (GRUPO 2 - ANALITICA DE DATOS)!,chats/chat_1/photos/photo_115@23-10-2025_22-13-47.jpg,True,,2025,10,23,22,3,Thursday,-0.5000000000000004,0.8660254037844384,0.43388373911755823,-0.900968867902419,Noche,0,40.0,0.2833333333333333,0.2833333333333333,17,55,9,0,1,0,0,0,92,17,92.0
519,message,2025-10-23 22:14:04,Cam_Salvador,user8053172513,‚ö†Ô∏è MOVIMIENTO DETECTADO (GRUPO 2 - ANALITICA DE DATOS)!,chats/chat_1/photos/photo_116@23-10-2025_22-14-04.jpg,True,,2025,10,23,22,3,Thursday,-0.5000000000000004,0.8660254037844384,0.43388373911755823,-0.900968867902419,Noche,0,41.0,0.2833333333333333,0.23333333333333334,17,55,9,0,1,0,0,0,92,17,92.0
520,message,2025-10-23 22:14:18,Cam_Salvador,user8053172513,‚ö†Ô∏è MOVIMIENTO DETECTADO (GRUPO 2 - ANALITICA DE DATOS)!,chats/chat_1/photos/photo_117@23-10-2025_22-14-18.jpg,True,,2025,10,23,22,3,Thursday,-0.5000000000000004,0.8660254037844384,0.43388373911755823,-0.900968867902419,Noche,0,42.0,0.23333333333333334,0.5,17,55,9,0,1,0,0,0,92,17,92.0
521,message,2025-10-23 22:14:48,Cam_Salvador,user8053172513,‚ö†Ô∏è MOVIMIENTO DETECTADO (GRUPO 2 - ANALITICA DE DATOS)!,chats/chat_1/photos/photo_118@23-10-2025_22-14-48.jpg,True,,2025,10,23,22,3,Thursday,-0.5000000000000004,0.8660254037844384,0.43388373911755823,-0.900968867902419,Noche,0,43.0,0.5,1596.4833333333333,17,55,9,0,1,0,0,0,92,17,92.0
528,message,2025-10-25 00:51:17,Cam_Salvador,user8053172513,‚ö†Ô∏è MOVIMIENTO DETECTADO (GRUPO 2 - ANALITICA DE DATOS)!,chats/chat_1/photos/photo_119@25-10-2025_00-51-17.jpg,True,,2025,10,25,0,5,Saturday,0.0,1.0,-0.9749279121818236,-0.2225209339563146,Madrugada,1,1.0,1596.4833333333333,0.2,13,55,9,0,1,0,0,0,17,13,17.0
529,message,2025-10-25 00:51:29,Cam_Salvador,user8053172513,‚ö†Ô∏è MOVIMIENTO DETECTADO (GRUPO 2 - ANALITICA DE DATOS)!,chats/chat_1/photos/photo_120@25-10-2025_00-51-29.jpg,True,,2025,10,25,0,5,Saturday,0.0,1.0,-0.9749279121818236,-0.2225209339563146,Madrugada,1,2.0,0.2,0.2833333333333333,13,55,9,0,1,0,0,0,17,13,17.0
530,message,2025-10-25 00:51:46,Cam_Salvador,user8053172513,‚ö†Ô∏è MOVIMIENTO DETECTADO (GRUPO 2 - ANALITICA DE DATOS)!,chats/chat_1/photos/photo_121@25-10-2025_00-51-46.jpg,True,,2025,10,25,0,5,Saturday,0.0,1.0,-0.9749279121818236,-0.2225209339563146,Madrugada,1,3.0,0.2833333333333333,0.21666666666666667,13,55,9,0,1,0,0,0,17,13,17.0
531,message,2025-10-25 00:51:59,Cam_Salvador,user8053172513,‚ö†Ô∏è MOVIMIENTO DETECTADO (GRUPO 2 - ANALITICA DE DATOS)!,chats/chat_1/photos/photo_122@25-10-2025_00-51-59.jpg,True,,2025,10,25,0,5,Saturday,0.0,1.0,-0.9749279121818236,-0.2225209339563146,Madrugada,1,4.0,0.21666666666666667,0.26666666666666666,13,55,9,0,1,0,0,0,17,13,17.0
532,message,2025-10-25 00:52:15,Cam_Salvador,user8053172513,‚ö†Ô∏è MOVIMIENTO DETECTADO (GRUPO 2 - ANALITICA DE DATOS)!,chats/chat_1/photos/photo_123@25-10-2025_00-52-15.jpg,True,,2025,10,25,0,5,Saturday,0.0,1.0,-0.9749279121818236,-0.2225209339563146,Madrugada,1,5.0,0.26666666666666666,0.5833333333333334,13,55,9,0,1,0,0,0,17,13,17.0
533,message,2025-10-25 00:52:50,Cam_Salvador,user8053172513,‚ö†Ô∏è MOVIMIENTO DETECTADO (GRUPO 2 - ANALITICA DE DATOS)!,chats/chat_1/photos/photo_124@25-10-2025_00-52-50.jpg,True,,2025,10,25,0,5,Saturday,0.0,1.0,-0.9749279121818236,-0.2225209339563146,Madrugada,1,6.0,0.5833333333333334,0.23333333333333334,13,55,9,0,1,0,0,0,17,13,17.0
534,message,2025-10-25 00:53:04,Cam_Salvador,user8053172513,‚ö†Ô∏è MOVIMIENTO DETECTADO (GRUPO 2 - ANALITICA DE DATOS)!,chats/chat_1/photos/photo_125@25-10-2025_00-53-04.jpg,True,,2025,10,25,0,5,Saturday,0.0,1.0,-0.9749279121818236,-0.2225209339563146,Madrugada,1,7.0,0.23333333333333334,1.7666666666666666,13,55,9,0,1,0,0,0,17,13,17.0
535,message,2025-10-25 00:54:50,Cam_Salvador,user8053172513,‚ö†Ô∏è MOVIMIENTO DETECTADO (GRUPO 2 - ANALITICA DE DATOS)!,chats/chat_1/photos/photo_126@25-10-2025_00-54-50.jpg,True,,2025,10,25,0,5,Saturday,0.0,1.0,-0.9749279121818236,-0.2225209339563146,Madrugada,1,8.0,1.7666666666666666,0.21666666666666667,13,55,9,0,1,0,0,0,17,13,17.0
536,message,2025-10-25 00:55:03,Cam_Salvador,user8053172513,‚ö†Ô∏è MOVIMIENTO DETECTADO (GRUPO 2 - ANALITICA DE DATOS)!,chats/chat_1/photos/photo_127@25-10-2025_00-55-03.jpg,True,,2025,10,25,0,5,Saturday,0.0,1.0,-0.9749279121818236,-0.2225209339563146,Madrugada,1,9.0,0.21666666666666667,3.816666666666667,13,55,9,0,1,0,0,0,17,13,17.0
537,message,2025-10-25 00:58:52,Cam_Salvador,user8053172513,‚ö†Ô∏è MOVIMIENTO DETECTADO (GRUPO 2 - ANALITICA DE DATOS)!,chats/chat_1/photos/photo_128@25-10-2025_00-58-52.jpg,True,,2025,10,25,0,5,Saturday,0.0,1.0,-0.9749279121818236,-0.2225209339563146,Madrugada,1,10.0,3.816666666666667,0.25,13,55,9,0,1,0,0,0,17,13,17.0
538,message,2025-10-25 00:59:07,Cam_Salvador,user8053172513,‚ö†Ô∏è MOVIMIENTO DETECTADO (GRUPO 2 - ANALITICA DE DATOS)!,chats/chat_1/photos/photo_129@25-10-2025_00-59-07.jpg,True,,2025,10,25,0,5,Saturday,0.0,1.0,-0.9749279121818236,-0.2225209339563146,Madrugada,1,11.0,0.25,0.2833333333333333,13,55,9,0,1,0,0,0,17,13,17.0
539,message,2025-10-25 00:59:24,Cam_Salvador,user8053172513,‚ö†Ô∏è MOVIMIENTO DETECTADO (GRUPO 2 - ANALITICA DE DATOS)!,chats/chat_1/photos/photo_130@25-10-2025_00-59-24.jpg,True,,2025,10,25,0,5,Saturday,0.0,1.0,-0.9749279121818236,-0.2225209339563146,Madrugada,1,12.0,0.2833333333333333,0.21666666666666667,13,55,9,0,1,0,0,0,17,13,17.0
540,message,2025-10-25 00:59:37,Cam_Salvador,user8053172513,‚ö†Ô∏è MOVIMIENTO DETECTADO (GRUPO 2 - ANALITICA DE DATOS)!,chats/chat_1/photos/photo_131@25-10-2025_00-59-37.jpg,True,,2025,10,25,0,5,Saturday,0.0,1.0,-0.9749279121818236,-0.2225209339563146,Madrugada,1,13.0,0.21666666666666667,2.3333333333333335,13,55,9,0,1,0,0,0,17,13,17.0
541,message,2025-10-25 01:01:57,Cam_Salvador,user8053172513,‚ö†Ô∏è MOVIMIENTO DETECTADO (GRUPO 2 - ANALITICA DE DATOS)!,chats/chat_1/photos/photo_132@25-10-2025_01-01-57.jpg,True,,2025,10,25,1,5,Saturday,0.25881904510252074,0.9659258262890683,-0.9749279121818236,-0.2225209339563146,Madrugada,1,14.0,2.3333333333333335,0.26666666666666666,4,55,9,0,1,0,0,0,17,4,17.0
542,message,2025-10-25 01:02:13,Cam_Salvador,user8053172513,‚ö†Ô∏è MOVIMIENTO DETECTADO (GRUPO 2 - ANALITICA DE DATOS)!,chats/chat_1/photos/photo_133@25-10-2025_01-02-13.jpg,True,,2025,10,25,1,5,Saturday,0.25881904510252074,0.9659258262890683,-0.9749279121818236,-0.2225209339563146,Madrugada,1,15.0,0.26666666666666666,0.9833333333333333,4,55,9,0,1,0,0,0,17,4,17.0
543,message,2025-10-25 01:03:12,Cam_Salvador,user8053172513,‚ö†Ô∏è MOVIMIENTO DETECTADO (GRUPO 2 - ANALITICA DE DATOS)!,chats/chat_1/photos/photo_134@25-10-2025_01-03-12.jpg,True,,2025,10,25,1,5,Saturday,0.25881904510252074,0.9659258262890683,-0.9749279121818236,-0.2225209339563146,Madrugada,1,16.0,0.9833333333333333,0.25,4,55,9,0,1,0,0,0,17,4,17.0
544,message,2025-10-25 01:03:27,Cam_Salvador,user8053172513,‚ö†Ô∏è MOVIMIENTO DETECTADO (GRUPO 2 - ANALITICA DE DATOS)!,chats/chat_1/photos/photo_135@25-10-2025_01-03-27.jpg,True,,2025,10,25,1,5,Saturday,0.25881904510252074,0.9659258262890683,-0.9749279121818236,-0.2225209339563146,Madrugada,1,17.0,0.25,,4,55,9,0,1,0,0,0,17,4,17.0
